source_image,filename,width,height,readable,mean_pixel,std_pixel,low_intensity_ratio,high_intensity_ratio,status
ch2_iir_ndi_20240518T0136331875_b_brf_d18_srd_grayscale,crop_000_x0_y0.png,256,256,True,80.72,18.23,0.0,0.0,Valid
ch2_iir_ndi_20240518T0136331875_b_brf_d18_srd_grayscale,crop_001_x192_y0.png,256,256,True,79.1,17.14,0.0,0.0,Valid
ch2_iir_ndi_20240518T0136331875_b_brf_d18_srd_grayscale,crop_002_x256_y0.png,256,256,True,79.34,17.02,0.0,0.0,Valid
ch2_iir_ndi_20240518T0136331875_b_brf_d18_srd_grayscale,crop_003_x0_y192.png,256,256,True,78.21,16.45,0.0,0.0,Valid
ch2_iir_ndi_20240518T0136331875_b_brf_d18_srd_grayscale,crop_004_x192_y192.png,256,256,True,75.13,14.9,0.0,0.0,Valid
ch2_iir_ndi_20240518T0136331875_b_brf_d18_srd_grayscale,crop_005_x256_y192.png,256,256,True,74.89,14.31,0.0,0.0,Valid
ch2_iir_ndi_20240518T0136331875_b_brf_d18_srd_grayscale,crop_006_x0_y256.png,256,256,True,75.41,14.69,0.0,0.0,Valid
ch2_iir_ndi_20240518T0136331875_b_brf_d18_srd_grayscale,crop_007_x192_y256.png,256,256,True,73.82,13.92,0.0,0.0,Valid
ch2_iir_ndi_20240518T0136331875_b_brf_d18_srd_grayscale,crop_008_x256_y256.png,256,256,True,74.22,13.92,0.0,0.0,Valid
ch2_iir_ndi_20250728T1201421887_b_brf_d18_srd_grayscale,crop_000_x0_y0.png,256,256,True,140.39,14.96,0.0038,0.0,Valid
ch2_iir_ndi_20250728T1201421887_b_brf_d18_srd_grayscale,crop_001_x192_y0.png,256,256,True,138.25,13.86,0.0039,0.0,Valid
ch2_iir_ndi_20250728T1201421887_b_brf_d18_srd_grayscale,crop_002_x256_y0.png,256,256,True,137.2,14.18,0.0039,0.0,Valid
ch2_iir_ndi_20250728T1201421887_b_brf_d18_srd_grayscale,crop_003_x0_y192.png,256,256,True,136.23,15.56,0.0038,0.0,Valid
ch2_iir_ndi_20250728T1201421887_b_brf_d18_srd_grayscale,crop_004_x192_y192.png,256,256,True,132.28,15.65,0.0039,0.0,Valid
ch2_iir_ndi_20250728T1201421887_b_brf_d18_srd_grayscale,crop_005_x256_y192.png,256,256,True,130.51,14.97,0.0039,0.0,Valid
ch2_iir_ndi_20250728T1201421887_b_brf_d18_srd_grayscale,crop_006_x0_y256.png,256,256,True,135.06,13.85,0.0,0.0,Valid
ch2_iir_ndi_20250728T1201421887_b_brf_d18_srd_grayscale,crop_007_x192_y256.png,256,256,True,131.55,14.0,0.0,0.0,Valid
ch2_iir_ndi_20250728T1201421887_b_brf_d18_srd_grayscale,crop_008_x256_y256.png,256,256,True,129.78,13.15,0.0,0.0,Valid
ch2_ohr_ncp_20260103T1005176450_b_brw_d18_grayscale,crop_000_x0_y0.png,256,256,True,56.11,35.35,0.0448,0.0,Valid
ch2_ohr_ncp_20260103T1005176450_b_brw_d18_grayscale,crop_001_x192_y0.png,256,256,True,56.83,31.92,0.02,0.0,Valid
ch2_ohr_ncp_20260103T1005176450_b_brw_d18_grayscale,crop_002_x256_y0.png,256,256,True,57.59,32.18,0.0299,0.0,Valid
ch2_ohr_ncp_20260103T1005176450_b_brw_d18_grayscale,crop_003_x0_y192.png,256,256,True,34.51,24.18,0.1421,0.0,Valid
ch2_ohr_ncp_20260103T1005176450_b_brw_d18_grayscale,crop_004_x192_y192.png,256,256,True,34.26,24.26,0.1838,0.0,Valid
ch2_ohr_ncp_20260103T1005176450_b_brw_d18_grayscale,crop_005_x256_y192.png,256,256,True,32.65,26.66,0.2586,0.0,Valid
ch2_ohr_ncp_20260103T1005176450_b_brw_d18_grayscale,crop_006_x0_y256.png,256,256,True,40.89,30.28,0.1361,0.0,Valid
ch2_ohr_ncp_20260103T1005176450_b_brw_d18_grayscale,crop_007_x192_y256.png,256,256,True,44.11,35.45,0.1777,0.0,Valid
ch2_ohr_ncp_20260103T1005176450_b_brw_d18_grayscale,crop_008_x256_y256.png,256,256,True,44.55,38.5,0.2348,0.0,Valid
chandrayaan2_11_large_copy.png_grayscale,crop_000_x0_y0.png,256,256,True,47.65,62.5,0.4865,0.0122,Valid
chandrayaan2_11_large_copy.png_grayscale,crop_001_x192_y0.png,256,256,True,49.84,59.28,0.4486,0.0022,Valid
chandrayaan2_11_large_copy.png_grayscale,crop_002_x256_y0.png,256,256,True,49.52,59.27,0.4724,0.0009,Valid
chandrayaan2_11_large_copy.png_grayscale,crop_003_x0_y192.png,256,256,True,64.53,56.53,0.2522,0.0002,Valid
chandrayaan2_11_large_copy.png_grayscale,crop_004_x192_y192.png,256,256,True,88.14,51.11,0.0,0.0025,Valid
chandrayaan2_11_large_copy.png_grayscale,crop_005_x256_y192.png,256,256,True,90.88,53.03,0.0444,0.0026,Valid
chandrayaan2_11_large_copy.png_grayscale,crop_006_x0_y256.png,256,256,True,49.43,57.19,0.4167,0.0002,Valid
chandrayaan2_11_large_copy.png_grayscale,crop_007_x192_y256.png,256,256,True,69.03,56.92,0.1855,0.0024,Valid
chandrayaan2_11_large_copy.png_grayscale,crop_008_x256_y256.png,256,256,True,72.83,59.27,0.2172,0.0026,Valid
ohrc_image_03_grayscale,crop_000_x0_y0.png,256,256,True,46.66,37.42,0.1874,0.0,Valid
ohrc_image_03_grayscale,crop_001_x192_y0.png,256,256,True,74.12,33.46,0.0255,0.0,Valid
ohrc_image_03_grayscale,crop_002_x256_y0.png,256,256,True,78.32,30.86,0.0158,0.0001,Valid
ohrc_image_03_grayscale,crop_003_x0_y192.png,256,256,True,62.99,43.66,0.164,0.0,Valid
ohrc_image_03_grayscale,crop_004_x192_y192.png,256,256,True,82.29,33.78,0.0291,0.0,Valid
ohrc_image_03_grayscale,crop_005_x256_y192.png,256,256,True,86.51,33.18,0.0242,0.0,Valid
ohrc_image_03_grayscale,crop_006_x0_y256.png,256,256,True,68.38,43.73,0.1491,0.0,Valid
ohrc_image_03_grayscale,crop_007_x192_y256.png,256,256,True,84.71,34.68,0.0267,0.0,Valid
ohrc_image_03_grayscale,crop_008_x256_y256.png,256,256,True,93.43,36.28,0.0241,0.0,Valid
ohrc_image_04_grayscale,crop_000_x0_y0.png,256,256,True,65.8,47.14,0.1177,0.0014,Valid
ohrc_image_04_grayscale,crop_001_x192_y0.png,256,256,True,73.63,50.0,0.1097,0.0011,Valid
ohrc_image_04_grayscale,crop_002_x256_y0.png,256,256,True,77.97,47.73,0.082,0.0005,Valid
ohrc_image_04_grayscale,crop_003_x0_y192.png,256,256,True,62.22,45.65,0.1411,0.0003,Valid
ohrc_image_04_grayscale,crop_004_x192_y192.png,256,256,True,70.17,50.78,0.1454,0.002,Valid
ohrc_image_04_grayscale,crop_005_x256_y192.png,256,256,True,79.61,49.98,0.0959,0.0021,Valid
ohrc_image_04_grayscale,crop_006_x0_y256.png,256,256,True,57.7,45.9,0.181,0.0003,Valid
ohrc_image_04_grayscale,crop_007_x192_y256.png,256,256,True,71.77,52.64,0.1432,0.0032,Valid
ohrc_image_04_grayscale,crop_008_x256_y256.png,256,256,True,82.33,53.85,0.0938,0.0034,Valid
ohrc_image_16_grayscale,crop_000_x0_y0.png,256,256,True,74.84,49.02,0.1329,0.0002,Valid
ohrc_image_16_grayscale,crop_001_x192_y0.png,256,256,True,94.28,46.68,0.0561,0.0011,Valid
ohrc_image_16_grayscale,crop_002_x256_y0.png,256,256,True,99.28,48.61,0.0504,0.0011,Valid
ohrc_image_16_grayscale,crop_003_x0_y192.png,256,256,True,71.15,49.12,0.1453,0.0005,Valid
ohrc_image_16_grayscale,crop_004_x192_y192.png,256,256,True,92.26,45.2,0.0561,0.0017,Valid
ohrc_image_16_grayscale,crop_005_x256_y192.png,256,256,True,97.46,48.99,0.0662,0.0018,Valid
ohrc_image_16_grayscale,crop_006_x0_y256.png,256,256,True,69.22,48.35,0.1537,0.0005,Valid
ohrc_image_16_grayscale,crop_007_x192_y256.png,256,256,True,91.65,46.89,0.0689,0.0016,Valid
ohrc_image_16_grayscale,crop_008_x256_y256.png,256,256,True,94.39,50.69,0.0837,0.0016,Valid
tmc-2-1_large.png_grayscale,crop_000_x0_y0.png,256,256,True,51.22,47.5,0.2109,0.0015,Valid
tmc-2-1_large.png_grayscale,crop_001_x192_y0.png,256,256,True,73.66,50.7,0.1761,0.0016,Valid
tmc-2-1_large.png_grayscale,crop_002_x256_y0.png,256,256,True,80.69,52.22,0.168,0.0011,Valid
tmc-2-1_large.png_grayscale,crop_003_x0_y192.png,256,256,True,74.19,49.1,0.0653,0.0026,Valid
tmc-2-1_large.png_grayscale,crop_004_x192_y192.png,256,256,True,96.62,37.59,0.0001,0.0012,Valid
tmc-2-1_large.png_grayscale,crop_005_x256_y192.png,256,256,True,101.71,35.56,0.0,0.0007,Valid
tmc-2-1_large.png_grayscale,crop_006_x0_y256.png,256,256,True,80.2,49.85,0.069,0.0026,Valid
tmc-2-1_large.png_grayscale,crop_007_x192_y256.png,256,256,True,100.26,39.01,0.0,0.0014,Valid
tmc-2-1_large.png_grayscale,crop_008_x256_y256.png,256,256,True,106.86,38.91,0.0,0.001,Valid
